UAV_ID,Latitude,Longitude,Altitude,Speed,Direction,Mission_Type,Network_Connectivity,Weather_Condition,Next_Waypoint,Distance_to_Next,Route_Updated,Remaining_Battery,Comm_Range,Traffic_Load,Predicted_Next_Waypoint
1,34.052235,-118.243683,100,10,45,1,1,1,1,5,0,90,200,0,10
1,34.055312,-118.241878,120,15,120,2,1,2,2,8,1,85,200,1,3
1,34.057431,-118.244712,150,5,200,3,0,3,3,15,1,80,200,2,4
1,34.058912,-118.240932,90,12,90,1,1,1,4,12,1,75,200,0,5
1,34.05721,-118.245675,110,8,150,2,1,4,5,10,1,70,200,1,2
2,34.060987,-118.241325,80,5,60,3,0,3,1,8,0,95,180,2,3
2,34.061205,-118.23911,95,8,220,1,1,1,2,7,0,90,180,2,4
2,34.06153,-118.24281,120,10,120,2,1,2,3,6,0,85,180,0,4
2,34.0618,-118.2404,70,7,180,3,0,4,4,6,0,80,180,1,6
2,34.0607,-118.2412,85,6,90,1,1,1,5,6,0,75,180,2,1
3,34.052235,-118.243683,100,10,45,1,1,1,1,5,0,90,200,0,2
3,34.055312,-118.241878,120,15,120,2,1,2,2,8,1,85,200,1,6
3,34.057431,-118.244712,150,5,200,3,0,3,3,15,1,80,200,2,9
3,34.058912,-118.240932,90,12,90,1,1,1,4,12,1,75,200,0,5
3,34.05721,-118.245675,110,8,150,2,1,4,5,10,1,70,200,1,1
4,34.060987,-118.241325,80,5,60,3,0,3,1,8,0,95,180,2,2
4,34.061205,-118.23911,95,8,220,1,1,1,2,7,0,90,180,2,3
4,34.06153,-118.24281,120,10,120,2,1,2,3,6,0,85,180,0,7
4,34.0618,-118.2404,70,7,180,3,0,4,4,6,0,80,180,1,5
4,34.0607,-118.2412,85,6,90,1,1,1,5,6,0,75,180,2,1
5,34.052235,-118.243683,100,10,45,1,1,1,1,5,0,90,200,0,2
5,34.055312,-118.241878,120,15,120,2,1,2,2,8,1,85,200,1,3
5,34.057431,-118.244712,150,5,200,3,0,3,3,15,1,80,200,2,8
5,34.058912,-118.240932,90,12,90,1,1,1,4,12,1,75,200,0,9
5,34.05721,-118.245675,110,8,150,2,1,4,5,10,1,70,200,1,1
6,34.060987,-118.241325,80,5,60,3,0,3,1,8,0,95,180,2,2
6,34.061205,-118.23911,95,8,220,1,1,1,2,7,0,90,180,2,3
6,34.06153,-118.24281,120,10,120,2,1,2,3,6,0,85,180,0,4
6,34.0618,-118.2404,70,7,180,3,0,4,4,6,0,80,180,1,10
6,34.0607,-118.2412,85,6,90,1,1,1,5,6,0,75,180,2,1
7,34.060987,-118.241325,80,5,60,3,0,3,1,8,0,95,180,2,2
7,34.061205,-118.23911,95,8,220,1,1,1,2,7,0,90,180,2,3
7,34.06153,-118.24281,120,10,120,2,1,2,3,6,0,85,180,0,8
7,34.0618,-118.2404,70,7,180,3,0,4,4,6,0,80,180,1,5
7,34.0607,-118.2412,85,6,90,1,1,1,5,6,0,75,180,2,1
8,34.052235,-118.243683,100,10,45,1,1,1,1,5,0,90,200,0,2
8,34.055312,-118.241878,120,15,120,2,1,2,2,8,1,85,200,1,6
8,34.057431,-118.244712,150,5,200,3,0,3,3,15,1,80,200,2,3
8,34.058912,-118.240932,90,12,90,1,1,1,4,12,1,75,200,0,9
8,34.05721,-118.245675,110,8,150,2,1,4,5,10,1,70,200,1,10
9,34.060987,-118.241325,80,5,60,3,0,3,1,8,0,95,180,2,5
9,34.061205,-118.23911,95,8,220,1,1,1,2,7,0,90,180,2,7
9,34.06153,-118.24281,120,10,120,2,1,2,3,6,0,85,180,0,4
9,34.0618,-118.2404,70,7,180,3,0,4,4,6,0,80,180,1,10
9,34.0607,-118.2412,85,6,90,1,1,1,5,6,0,75,180,2,1
10,34.060987,-118.241325,80,5,60,3,0,3,1,8,0,95,180,2,5
10,34.061205,-118.23911,95,8,220,1,1,1,2,7,0,90,180,2,7
10,34.06153,-118.24281,120,10,120,2,1,2,3,6,0,85,180,0,4
10,34.0618,-118.2404,70,7,180,3,0,4,4,6,0,80,180,1,3
10,34.0607,-118.2412,85,6,90,1,1,1,5,6,0,75,180,2,1
